path,xmin,ymin,xmax,ymax
../../images/selected/img_0005.jpg,74.45348075597883,12.448840851519703,80.14863035513227,16.62949248181363
